{
  "id": "90cfade8-1601-4352-a443-0fb3e18cb59e",
  "name": "VSTSToolsListSystemInfo",
  "friendlyName": "VSTS-Tools List System Info",
  "description": "Lists various system information for the build agent running the build.",
  "author": "Moonspace Labs, LLC",
  "helpMarkDown": "Lists various system information for the build agent running the build.",
  "category": "Utility",
  "visibility": [
    "Build",
    "Release"
  ],
  "demands": [ ],
  "version": {
    "Major": "1",
    "Minor": "0",
    "Patch": "0"
  },
  "minimumAgentVersion": "1.89.0",
  "instanceNameFormat": "VSTS-Tools List System Info $(message)",
  "groups": [
    {
      "name": "advanced",
      "displayName": "Advanced",
      "isExpanded": true
    }
  ],
  "inputs": [
    {
      "name": "debugonly",
      "type": "boolean",
      "label": "Execute on Debug Only",
      "defaultValue": false,
      "required": false,
      "groupName": "advanced",
      "helpMarkDown": "If checked, executes only when **system.debug** is set to **true**."
    }
  ],
  "execution": {
    "PowerShell": {
      "target": "$(currentDirectory)\\listsysteminfo.ps1",
      "argumentFormat": "",
      "workingDirectory": "$(currentDirectory)"
    }
  }
}